name,collection,material,price,image,link
Solitaire Halo Ring,Éternel,"18K white & rose gold, brilliant-cut diamond halo",,coll-eternel.jpg,index.html#visit
Pavé Crossover Ring,Éternel,"18K white gold, pavé-set diamonds",,savoir-1.jpg,index.html#visit
Wedding Band Duo,Éternel,"18K white & yellow gold, brushed finish",,savoir-4.jpg,index.html#visit
Sapphire Drop Earrings,Flora,"Blackened silver, sapphire & diamond baguettes",,coll-flore.jpg,index.html#visit
Golden Hoop Earrings,Flora,"18K yellow gold, hand-twisted finish",,savoir-2.jpg,index.html#visit
Cabochon Ring Trio,Flora,"18K gold, mixed cabochon gemstones",,journal-1.jpg,index.html#visit
Celestial Pendant Necklace,Astral,"18K gold, blue topaz & diamond crescent",,coll-astra.jpg,index.html#visit
Diamond Line Bracelet,Astral,"Platinum, round brilliant diamonds",,signature.jpg,index.html#visit
Cushion Sapphire Ring,Astral,"18K rose gold, cushion-cut sapphire, diamond halo",,spare-gem-ring.jpg,index.html#visit
Chain Link Bracelet,Lumina,"18K rose gold, pavé-set diamond links",,coll-lumina.jpg,index.html#visit
Layered Necklace Set,Lumina,"18K gold, three interchangeable lengths",,journal-3.jpg,index.html#visit
Pearl Pendant Necklace,Lumina,"South Sea pearl, diamond-set white gold clasp",,spare-pearls.jpg,index.html#visit
